<?xml version="1.0" encoding="UTF-8"?>
<!--
  Licensed to the Apache Software Foundation (ASF) under one
  or more contributor license agreements.  See the NOTICE file
  distributed with this work for additional information
  regarding copyright ownership.  The ASF licenses this file
  to you under the Apache License, Version 2.0 (the
  "License"); you may not use this file except in compliance
  with the License.  You may obtain a copy of the License at

       http://www.apache.org/licenses/LICENSE-2.0

  Unless required by applicable law or agreed to in writing, software
  distributed under the License is distributed on an "AS IS" BASIS,
  WITHOUT WARRANTIES OR CONDITIONS OF ANY KIND, either express or implied.
  See the License for the specific language governing permissions and
  limitations under the License.
-->
<workflow-app xmlns="uri:oozie:workflow:0.2" name="sqoop-freeform-wf">
    <start to="sqoop-freeform-node"/>

    <action name="sqoop-freeform-node">
        <sqoop xmlns="uri:oozie:sqoop-action:0.2">
            <job-tracker>${jobTracker}</job-tracker>
            <name-node>${nameNode}</name-node>
            <prepare>
                <delete path="${nameNode}/user/${wf:user()}/${examplesRoot}/output-data/sqoop-freeform"/>
                <mkdir path="${nameNode}/user/${wf:user()}/${examplesRoot}/output-data"/>
            </prepare>
            <configuration>
                <property>
                    <name>mapred.job.queue.name</name>
                    <value>${queueName}</value>
                </property>
            </configuration>
            <arg>import</arg>
            <arg>--connect</arg>
            <arg>jdbc:hsqldb:file:db.hsqldb</arg>
            <arg>--username</arg>
            <arg>sa</arg>
            <arg>--password</arg>
            <arg></arg>
            <arg>--verbose</arg>
            <arg>--query</arg>
            <arg>select TT.I, TT.S from TT where $CONDITIONS</arg>
            <arg>--target-dir</arg>
            <arg>/user/${wf:user()}/${examplesRoot}/output-data/sqoop-freeform</arg>
            <arg>-m</arg>
            <arg>1</arg>
            <file>db.hsqldb.properties#db.hsqldb.properties</file>
            <file>db.hsqldb.script#db.hsqldb.script</file>
        </sqoop>
        <ok to="end"/>
        <error to="fail"/>
    </action>

    <kill name="fail">
        <message>Sqoop free form failed, error message[${wf:errorMessage(wf:lastErrorNode())}]</message>
    </kill>
    <end name="end"/>
</workflow-app>
